{"player_id": "00000000-0000-0000-0000-000000000000", "intent": {"intent_id": "6d8d673df1494eb0b54a3db796dcef07", "intent_kind": "CRYSTAL_TECH_STAGE_UNLOCK", "schema_version": "0.1.0", "scenario_id": "default", "scenario_version": null, "allowed_stage": 1, "confidence_level": "research_validated", "constraints": ["no_stage_skip"], "context_notes": ["Forge \u8054\u8c03\u6837\u4f8b"], "issued_at": "2026-01-10T06:58:47.183870Z", "expires_at": "2026-01-11T06:58:47.183870Z", "signature": "ideal-city::e4926ed3b74248d1a0516a90d5e3587f"}}